Name,Overview URL,Salary URL,Benefits URL
Cymer,"https://www.glassdoor.com/Overview/Working-at-Cymer-EI_IE6222.11,16.htm",https://www.glassdoor.com/Salary/Cymer-Salaries-E6222.htm,"https://www.glassdoor.com/Benefits/Cymer-US-Benefits-EI_IE6222.0,5_IL.6,8_IN1.htm"
CA Technologies,"https://www.glassdoor.com/Overview/Working-at-CA-Technologies-EI_IE167.11,26.htm",https://www.glassdoor.com/Salary/CA-Technologies-Salaries-E167.htm,"https://www.glassdoor.com/Benefits/CA-Technologies-US-Benefits-EI_IE167.0,15_IL.16,18_IN1.htm"
McAfee,"https://www.glassdoor.com/Overview/Working-at-McAfee-EI_IE2244.11,17.htm",https://www.glassdoor.com/Salary/McAfee-Salaries-E2244.htm,"https://www.glassdoor.com/Benefits/McAfee-US-Benefits-EI_IE2244.0,6_IL.7,9_IN1.htm"
Risk Management Solutions,"https://www.glassdoor.com/Overview/Working-at-Risk-Management-Solutions-EI_IE137869.11,36.htm",https://www.glassdoor.com/Salary/Risk-Management-Solutions-Salaries-E137869.htm,"https://www.glassdoor.com/Benefits/Risk-Management-Solutions-US-Benefits-EI_IE137869.0,25_IL.26,28_IN1.htm"
FICO,"https://www.glassdoor.com/Overview/Working-at-FICO-EI_IE1387.11,15.htm",https://www.glassdoor.com/Salary/FICO-Salaries-E1387.htm,"https://www.glassdoor.com/Benefits/FICO-US-Benefits-EI_IE1387.0,4_IL.5,7_IN1.htm"
Trulia,"https://www.glassdoor.com/Overview/Working-at-Trulia-EI_IE226815.11,17.htm",https://www.glassdoor.com/Salary/Trulia-Salaries-E226815.htm,"https://www.glassdoor.com/Benefits/Trulia-US-Benefits-EI_IE226815.0,6_IL.7,9_IN1.htm"
Veritas,"https://www.glassdoor.com/Overview/Working-at-Veritas-EI_IE1093041.11,18.htm",https://www.glassdoor.com/Salary/Veritas-Salaries-E1093041.htm,"https://www.glassdoor.com/Benefits/Veritas-US-Benefits-EI_IE1093041.0,7_IL.8,10_IN1.htm"
Milestone Technologies,"https://www.glassdoor.com/Overview/Working-at-Milestone-Technologies-EI_IE14799.11,33.htm",https://www.glassdoor.com/Salary/Milestone-Technologies-Salaries-E14799.htm,"https://www.glassdoor.com/Benefits/Milestone-Technologies-US-Benefits-EI_IE14799.0,22_IL.23,25_IN1.htm"
GE,"https://www.glassdoor.com/Overview/Working-at-GE-EI_IE277.11,13.htm",https://www.glassdoor.com/Salary/GE-Salaries-E277.htm,"https://www.glassdoor.com/Benefits/GE-US-Benefits-EI_IE277.0,2_IL.3,5_IN1.htm"
Honeywell,"https://www.glassdoor.com/Overview/Working-at-Honeywell-EI_IE28.11,20.htm",https://www.glassdoor.com/Salary/Honeywell-Salaries-E28.htm,"https://www.glassdoor.com/Benefits/Honeywell-US-Benefits-EI_IE28.0,9_IL.10,12_IN1.htm"
Revel Systems,"https://www.glassdoor.com/Overview/Working-at-Revel-Systems-EI_IE628623.11,24.htm",https://www.glassdoor.com/Salary/Revel-Systems-Salaries-E628623.htm,"https://www.glassdoor.com/Benefits/Revel-Systems-US-Benefits-EI_IE628623.0,13_IL.14,16_IN1.htm"
8x8,"https://www.glassdoor.com/Overview/Working-at-8x8-EI_IE4045.11,14.htm",https://www.glassdoor.com/Salary/8x8-Salaries-E4045.htm,"https://www.glassdoor.com/Benefits/8x8-US-Benefits-EI_IE4045.0,3_IL.4,6_IN1.htm"
Deem,"https://www.glassdoor.com/Overview/Working-at-Deem-EI_IE775771.11,15.htm",https://www.glassdoor.com/Salary/Deem-Salaries-E775771.htm,"https://www.glassdoor.com/Benefits/Deem-US-Benefits-EI_IE775771.0,4_IL.5,7_IN1.htm"
Eventbrite,"https://www.glassdoor.com/Overview/Working-at-Eventbrite-EI_IE344483.11,21.htm",https://www.glassdoor.com/Salary/Eventbrite-Salaries-E344483.htm,"https://www.glassdoor.com/Benefits/Eventbrite-US-Benefits-EI_IE344483.0,10_IL.11,13_IN1.htm"
TrueCar,"https://www.glassdoor.com/Overview/Working-at-TrueCar-EI_IE353868.11,18.htm",https://www.glassdoor.com/Salary/TrueCar-Salaries-E353868.htm,"https://www.glassdoor.com/Benefits/TrueCar-US-Benefits-EI_IE353868.0,7_IL.8,10_IN1.htm"
New Relic,"https://www.glassdoor.com/Overview/Working-at-New-Relic-EI_IE461657.11,20.htm",https://www.glassdoor.com/Salary/New-Relic-Salaries-E461657.htm,"https://www.glassdoor.com/Benefits/New-Relic-US-Benefits-EI_IE461657.0,9_IL.10,12_IN1.htm"
SS&C Advent,"https://www.glassdoor.com/Overview/Working-at-SS-and-C-Advent-EI_IE5447.11,26.htm",https://www.glassdoor.com/Salary/SS-and-C-Advent-Salaries-E5447.htm,"https://www.glassdoor.com/Benefits/SS-and-C-Advent-US-Benefits-EI_IE5447.0,15_IL.16,18_IN1.htm"
Medallia,"https://www.glassdoor.com/Overview/Working-at-Medallia-EI_IE268806.11,19.htm",https://www.glassdoor.com/Salary/Medallia-Salaries-E268806.htm,"https://www.glassdoor.com/Benefits/Medallia-US-Benefits-EI_IE268806.0,8_IL.9,11_IN1.htm"
Thomson Reuters,"https://www.glassdoor.com/Overview/Working-at-Thomson-Reuters-EI_IE100303.11,26.htm",https://www.glassdoor.com/Salary/Thomson-Reuters-Salaries-E100303.htm,"https://www.glassdoor.com/Benefits/Thomson-Reuters-US-Benefits-EI_IE100303.0,15_IL.16,18_IN1.htm"
Flextronics,"https://www.glassdoor.com/Overview/Working-at-Flextronics-EI_IE5313.11,22.htm",https://www.glassdoor.com/Salary/Flextronics-Salaries-E5313.htm,"https://www.glassdoor.com/Benefits/Flextronics-US-Benefits-EI_IE5313.0,11_IL.12,14_IN1.htm"
Websense,"https://www.glassdoor.com/Overview/Working-at-Websense-EI_IE11460.11,19.htm",https://www.glassdoor.com/Salary/Websense-Salaries-E11460.htm,"https://www.glassdoor.com/Benefits/Websense-US-Benefits-EI_IE11460.0,8_IL.9,11_IN1.htm"
Kareo,"https://www.glassdoor.com/Overview/Working-at-Kareo-EI_IE465697.11,16.htm",https://www.glassdoor.com/Salary/Kareo-Salaries-E465697.htm,"https://www.glassdoor.com/Benefits/Kareo-US-Benefits-EI_IE465697.0,5_IL.6,8_IN1.htm"
Samsung Semiconductor Inc (US),"https://www.glassdoor.com/Overview/Working-at-Samsung-Semiconductor-Inc-US-EI_IE19069.11,39.htm",https://www.glassdoor.com/Salary/Samsung-Semiconductor-Inc-US-Salaries-E19069.htm,"https://www.glassdoor.com/Benefits/Samsung-Semiconductor-Inc-US-US-Benefits-EI_IE19069.0,28_IL.29,31_IN1.htm"
Capgemini,"https://www.glassdoor.com/Overview/Working-at-Capgemini-EI_IE3803.11,20.htm",https://www.glassdoor.com/Salary/Capgemini-Salaries-E3803.htm,"https://www.glassdoor.com/Benefits/Capgemini-US-Benefits-EI_IE3803.0,9_IL.10,12_IN1.htm"
Gusto,"https://www.glassdoor.com/Overview/Working-at-Gusto-EI_IE1069704.11,16.htm",https://www.glassdoor.com/Salary/Gusto-Salaries-E1069704.htm,"https://www.glassdoor.com/Benefits/Gusto-US-Benefits-EI_IE1069704.0,5_IL.6,8_IN1.htm"
Snap,"https://www.glassdoor.com/Overview/Working-at-Snap-EI_IE671946.11,15.htm",https://www.glassdoor.com/Salary/Snap-Salaries-E671946.htm,"https://www.glassdoor.com/Benefits/Snap-US-Benefits-EI_IE671946.0,4_IL.5,7_IN1.htm"
Texas Instruments,"https://www.glassdoor.com/Overview/Working-at-Texas-Instruments-EI_IE651.11,28.htm",https://www.glassdoor.com/Salary/Texas-Instruments-Salaries-E651.htm,"https://www.glassdoor.com/Benefits/Texas-Instruments-US-Benefits-EI_IE651.0,17_IL.18,20_IN1.htm"
Classy,"https://www.glassdoor.com/Overview/Working-at-Classy-EI_IE814067.11,17.htm",https://www.glassdoor.com/Salary/Classy-Salaries-E814067.htm,"https://www.glassdoor.com/Benefits/Classy-US-Benefits-EI_IE814067.0,6_IL.7,9_IN1.htm"
LiveRamp,"https://www.glassdoor.com/Overview/Working-at-LiveRamp-EI_IE633892.11,19.htm",https://www.glassdoor.com/Salary/LiveRamp-Salaries-E633892.htm,"https://www.glassdoor.com/Benefits/LiveRamp-US-Benefits-EI_IE633892.0,8_IL.9,11_IN1.htm"
AbacusNext,"https://www.glassdoor.com/Overview/Working-at-AbacusNext-EI_IE961521.11,21.htm",https://www.glassdoor.com/Salary/AbacusNext-Salaries-E961521.htm,"https://www.glassdoor.com/Benefits/AbacusNext-US-Benefits-EI_IE961521.0,10_IL.11,13_IN1.htm"
Aruba Networks,"https://www.glassdoor.com/Overview/Working-at-Aruba-Networks-EI_IE26809.11,25.htm",https://www.glassdoor.com/Salary/Aruba-Networks-Salaries-E26809.htm,"https://www.glassdoor.com/Benefits/Aruba-Networks-US-Benefits-EI_IE26809.0,14_IL.15,17_IN1.htm"
C3.ai,"https://www.glassdoor.com/Overview/Working-at-C3-ai-EI_IE312703.11,16.htm",https://www.glassdoor.com/Salary/C3-ai-Salaries-E312703.htm,"https://www.glassdoor.com/Benefits/C3-ai-US-Benefits-EI_IE312703.0,5_IL.6,8_IN1.htm"
ClearSlide,"https://www.glassdoor.com/Overview/Working-at-ClearSlide-EI_IE455829.11,21.htm",https://www.glassdoor.com/Salary/ClearSlide-Salaries-E455829.htm,"https://www.glassdoor.com/Benefits/ClearSlide-US-Benefits-EI_IE455829.0,10_IL.11,13_IN1.htm"
Asana,"https://www.glassdoor.com/Overview/Working-at-Asana-EI_IE567443.11,16.htm",https://www.glassdoor.com/Salary/Asana-Salaries-E567443.htm,"https://www.glassdoor.com/Benefits/Asana-US-Benefits-EI_IE567443.0,5_IL.6,8_IN1.htm"
Cloudera,"https://www.glassdoor.com/Overview/Working-at-Cloudera-EI_IE360671.11,19.htm",https://www.glassdoor.com/Salary/Cloudera-Salaries-E360671.htm,"https://www.glassdoor.com/Benefits/Cloudera-US-Benefits-EI_IE360671.0,8_IL.9,11_IN1.htm"
Siemens,"https://www.glassdoor.com/Overview/Working-at-Siemens-EI_IE3510.11,18.htm",https://www.glassdoor.com/Salary/Siemens-Salaries-E3510.htm,"https://www.glassdoor.com/Benefits/Siemens-US-Benefits-EI_IE3510.0,7_IL.8,10_IN1.htm"
NetSuite,"https://www.glassdoor.com/Overview/Working-at-NetSuite-EI_IE11153.11,19.htm",https://www.glassdoor.com/Salary/NetSuite-Salaries-E11153.htm,"https://www.glassdoor.com/Benefits/NetSuite-US-Benefits-EI_IE11153.0,8_IL.9,11_IN1.htm"
Zuora,"https://www.glassdoor.com/Overview/Working-at-Zuora-EI_IE233316.11,16.htm",https://www.glassdoor.com/Salary/Zuora-Salaries-E233316.htm,"https://www.glassdoor.com/Benefits/Zuora-US-Benefits-EI_IE233316.0,5_IL.6,8_IN1.htm"
Arista Networks,"https://www.glassdoor.com/Overview/Working-at-Arista-Networks-EI_IE295128.11,26.htm",https://www.glassdoor.com/Salary/Arista-Networks-Salaries-E295128.htm,"https://www.glassdoor.com/Benefits/Arista-Networks-US-Benefits-EI_IE295128.0,15_IL.16,18_IN1.htm"
Parsons Corporation,"https://www.glassdoor.com/Overview/Working-at-Parsons-Corporation-EI_IE4006.11,30.htm",https://www.glassdoor.com/Salary/Parsons-Corporation-Salaries-E4006.htm,"https://www.glassdoor.com/Benefits/Parsons-Corporation-US-Benefits-EI_IE4006.0,19_IL.20,22_IN1.htm"
SunPower,"https://www.glassdoor.com/Overview/Working-at-SunPower-EI_IE39890.11,19.htm",https://www.glassdoor.com/Salary/SunPower-Salaries-E39890.htm,"https://www.glassdoor.com/Benefits/SunPower-US-Benefits-EI_IE39890.0,8_IL.9,11_IN1.htm"
Groupon,https://www.glassdoor.com/groupon,https://www.glassdoor.com/Salary/Groupon-Salaries-E301291.htm,"https://www.glassdoor.com/Benefits/Groupon-US-Benefits-EI_IE301291.0,7_IL.8,10_IN1.htm"
Coupa Software Inc,"https://www.glassdoor.com/Overview/Working-at-Coupa-Software-Inc-EI_IE217718.11,29.htm",https://www.glassdoor.com/Salary/Coupa-Software-Inc-Salaries-E217718.htm,"https://www.glassdoor.com/Benefits/Coupa-Software-Inc-US-Benefits-EI_IE217718.0,18_IL.19,21_IN1.htm"
Cypress Semiconductor,"https://www.glassdoor.com/Overview/Working-at-Cypress-Semiconductor-EI_IE189.11,32.htm",https://www.glassdoor.com/Salary/Cypress-Semiconductor-Salaries-E189.htm,"https://www.glassdoor.com/Benefits/Cypress-Semiconductor-US-Benefits-EI_IE189.0,21_IL.22,24_IN1.htm"
Nielsen,"https://www.glassdoor.com/Overview/Working-at-Nielsen-EI_IE3776.11,18.htm",https://www.glassdoor.com/Salary/Nielsen-Salaries-E3776.htm,"https://www.glassdoor.com/Benefits/Nielsen-US-Benefits-EI_IE3776.0,7_IL.8,10_IN1.htm"
Palantir Technologies,"https://www.glassdoor.com/Overview/Working-at-Palantir-Technologies-EI_IE236375.11,32.htm",https://www.glassdoor.com/Salary/Palantir-Technologies-Salaries-E236375.htm,"https://www.glassdoor.com/Benefits/Palantir-Technologies-US-Benefits-EI_IE236375.0,21_IL.22,24_IN1.htm"
Pure Storage,"https://www.glassdoor.com/Overview/Working-at-Pure-Storage-EI_IE364364.11,23.htm",https://www.glassdoor.com/Salary/Pure-Storage-Salaries-E364364.htm,"https://www.glassdoor.com/Benefits/Pure-Storage-US-Benefits-EI_IE364364.0,12_IL.13,15_IN1.htm"
Lithium Technologies,"https://www.glassdoor.com/Overview/Working-at-Lithium-Technologies-EI_IE226605.11,31.htm",https://www.glassdoor.com/Salary/Lithium-Technologies-Salaries-E226605.htm,"https://www.glassdoor.com/Benefits/Lithium-Technologies-US-Benefits-EI_IE226605.0,20_IL.21,23_IN1.htm"
Elementum,"https://www.glassdoor.com/Overview/Working-at-Elementum-EI_IE678010.11,20.htm",https://www.glassdoor.com/Salary/Elementum-Salaries-E678010.htm,"https://www.glassdoor.com/Benefits/Elementum-US-Benefits-EI_IE678010.0,9_IL.10,12_IN1.htm"
LSI,"https://www.glassdoor.com/Overview/Working-at-LSI-EI_IE1579.11,14.htm",https://www.glassdoor.com/Salary/LSI-Salaries-E1579.htm,"https://www.glassdoor.com/Benefits/LSI-US-Benefits-EI_IE1579.0,3_IL.4,6_IN1.htm"
TE Connectivity,"https://www.glassdoor.com/Overview/Working-at-TE-Connectivity-EI_IE18055.11,26.htm",https://www.glassdoor.com/Salary/TE-Connectivity-Salaries-E18055.htm,"https://www.glassdoor.com/Benefits/TE-Connectivity-US-Benefits-EI_IE18055.0,15_IL.16,18_IN1.htm"
Handy,"https://www.glassdoor.com/Overview/Working-at-Handy-EI_IE680570.11,16.htm",https://www.glassdoor.com/Salary/Handy-Salaries-E680570.htm,"https://www.glassdoor.com/Benefits/Handy-US-Benefits-EI_IE680570.0,5_IL.6,8_IN1.htm"
Mozilla,"https://www.glassdoor.com/Overview/Working-at-Mozilla-EI_IE19129.11,18.htm",https://www.glassdoor.com/Salary/Mozilla-Salaries-E19129.htm,"https://www.glassdoor.com/Benefits/Mozilla-US-Benefits-EI_IE19129.0,7_IL.8,10_IN1.htm"
American Honda Motor,"https://www.glassdoor.com/Overview/Working-at-American-Honda-Motor-EI_IE135300.11,31.htm",https://www.glassdoor.com/Salary/American-Honda-Motor-Salaries-E135300.htm,"https://www.glassdoor.com/Benefits/American-Honda-Motor-US-Benefits-EI_IE135300.0,20_IL.21,23_IN1.htm"
j2 Global,"https://www.glassdoor.com/Overview/Working-at-j2-Global-EI_IE7879.11,20.htm",https://www.glassdoor.com/Salary/j2-Global-Salaries-E7879.htm,"https://www.glassdoor.com/Benefits/j2-Global-US-Benefits-EI_IE7879.0,9_IL.10,12_IN1.htm"
Thumbtack,"https://www.glassdoor.com/Overview/Working-at-Thumbtack-EI_IE414078.11,20.htm",https://www.glassdoor.com/Salary/Thumbtack-Salaries-E414078.htm,"https://www.glassdoor.com/Benefits/Thumbtack-US-Benefits-EI_IE414078.0,9_IL.10,12_IN1.htm"
Sage,"https://www.glassdoor.com/Overview/Working-at-Sage-EI_IE1150.11,15.htm",https://www.glassdoor.com/Salary/Sage-Salaries-E1150.htm,"https://www.glassdoor.com/Benefits/Sage-US-Benefits-EI_IE1150.0,4_IL.5,7_IN1.htm"
Tintri,"https://www.glassdoor.com/Overview/Working-at-Tintri-EI_IE615047.11,17.htm",https://www.glassdoor.com/Salary/Tintri-Salaries-E615047.htm,"https://www.glassdoor.com/Benefits/Tintri-US-Benefits-EI_IE615047.0,6_IL.7,9_IN1.htm"
Cruise,"https://www.glassdoor.com/Overview/Working-at-Cruise-EI_IE977351.11,17.htm",https://www.glassdoor.com/Salary/Cruise-Salaries-E977351.htm,"https://www.glassdoor.com/Benefits/Cruise-US-Benefits-EI_IE977351.0,6_IL.7,9_IN1.htm"
DealerSocket,"https://www.glassdoor.com/Overview/Working-at-DealerSocket-EI_IE270126.11,23.htm",https://www.glassdoor.com/Salary/DealerSocket-Salaries-E270126.htm,"https://www.glassdoor.com/Benefits/DealerSocket-US-Benefits-EI_IE270126.0,12_IL.13,15_IN1.htm"
Proofpoint,"https://www.glassdoor.com/Overview/Working-at-Proofpoint-EI_IE39140.11,21.htm",https://www.glassdoor.com/Salary/Proofpoint-Salaries-E39140.htm,"https://www.glassdoor.com/Benefits/Proofpoint-US-Benefits-EI_IE39140.0,10_IL.11,13_IN1.htm"
MuleSoft,"https://www.glassdoor.com/Overview/Working-at-MuleSoft-EI_IE341641.11,19.htm",https://www.glassdoor.com/Salary/MuleSoft-Salaries-E341641.htm,"https://www.glassdoor.com/Benefits/MuleSoft-US-Benefits-EI_IE341641.0,8_IL.9,11_IN1.htm"
Synaptics,"https://www.glassdoor.com/Overview/Working-at-Synaptics-EI_IE13232.11,20.htm",https://www.glassdoor.com/Salary/Synaptics-Salaries-E13232.htm,"https://www.glassdoor.com/Benefits/Synaptics-US-Benefits-EI_IE13232.0,9_IL.10,12_IN1.htm"
Reputation.com,"https://www.glassdoor.com/Overview/Working-at-Reputation-com-EI_IE224737.11,25.htm",https://www.glassdoor.com/Salary/Reputation-com-Salaries-E224737.htm,"https://www.glassdoor.com/Benefits/Reputation-com-US-Benefits-EI_IE224737.0,14_IL.15,17_IN1.htm"
Zscaler,"https://www.glassdoor.com/Overview/Working-at-Zscaler-EI_IE359434.11,18.htm",https://www.glassdoor.com/Salary/Zscaler-Salaries-E359434.htm,"https://www.glassdoor.com/Benefits/Zscaler-US-Benefits-EI_IE359434.0,7_IL.8,10_IN1.htm"
EFI,"https://www.glassdoor.com/Overview/Working-at-EFI-EI_IE2243.11,14.htm",https://www.glassdoor.com/Salary/EFI-Salaries-E2243.htm,"https://www.glassdoor.com/Benefits/EFI-US-Benefits-EI_IE2243.0,3_IL.4,6_IN1.htm"
Wag!,"https://www.glassdoor.com/Overview/Working-at-Wag-EI_IE1201565.11,14.htm",https://www.glassdoor.com/Salary/Wag-Salaries-E1201565.htm,"https://www.glassdoor.com/Benefits/Wag-US-Benefits-EI_IE1201565.0,3_IL.4,6_IN1.htm"
Keysight Technologies,"https://www.glassdoor.com/Overview/Working-at-Keysight-Technologies-EI_IE877317.11,32.htm",https://www.glassdoor.com/Salary/Keysight-Technologies-Salaries-E877317.htm,"https://www.glassdoor.com/Benefits/Keysight-Technologies-US-Benefits-EI_IE877317.0,21_IL.22,24_IN1.htm"
Gracenote,"https://www.glassdoor.com/Overview/Working-at-Gracenote-EI_IE38747.11,20.htm",https://www.glassdoor.com/Salary/Gracenote-Salaries-E38747.htm,"https://www.glassdoor.com/Benefits/Gracenote-US-Benefits-EI_IE38747.0,9_IL.10,12_IN1.htm"
Brightedge Technologies,"https://www.glassdoor.com/Overview/Working-at-Brightedge-Technologies-EI_IE313258.11,34.htm",https://www.glassdoor.com/Salary/Brightedge-Technologies-Salaries-E313258.htm,"https://www.glassdoor.com/Benefits/Brightedge-Technologies-US-Benefits-EI_IE313258.0,23_IL.24,26_IN1.htm"
PCM,"https://www.glassdoor.com/Overview/Working-at-PCM-EI_IE722602.11,14.htm",https://www.glassdoor.com/Salary/PCM-Salaries-E722602.htm,"https://www.glassdoor.com/Benefits/PCM-US-Benefits-EI_IE722602.0,3_IL.4,6_IN1.htm"
Talkdesk,"https://www.glassdoor.com/Overview/Working-at-Talkdesk-EI_IE999845.11,19.htm",https://www.glassdoor.com/Salary/Talkdesk-Salaries-E999845.htm,"https://www.glassdoor.com/Benefits/Talkdesk-US-Benefits-EI_IE999845.0,8_IL.9,11_IN1.htm"
OpenTable,"https://www.glassdoor.com/Overview/Working-at-OpenTable-EI_IE11574.11,20.htm",https://www.glassdoor.com/Salary/OpenTable-Salaries-E11574.htm,"https://www.glassdoor.com/Benefits/OpenTable-US-Benefits-EI_IE11574.0,9_IL.10,12_IN1.htm"
SurveyMonkey,"https://www.glassdoor.com/Overview/Working-at-SurveyMonkey-EI_IE347449.11,23.htm",https://www.glassdoor.com/Salary/SurveyMonkey-Salaries-E347449.htm,"https://www.glassdoor.com/Benefits/SurveyMonkey-US-Benefits-EI_IE347449.0,12_IL.13,15_IN1.htm"
Entertainment Partners,"https://www.glassdoor.com/Overview/Working-at-Entertainment-Partners-EI_IE116657.11,33.htm",https://www.glassdoor.com/Salary/Entertainment-Partners-Salaries-E116657.htm,"https://www.glassdoor.com/Benefits/Entertainment-Partners-US-Benefits-EI_IE116657.0,22_IL.23,25_IN1.htm"
Extron Electronics,"https://www.glassdoor.com/Overview/Working-at-Extron-Electronics-EI_IE231749.11,29.htm",https://www.glassdoor.com/Salary/Extron-Electronics-Salaries-E231749.htm,"https://www.glassdoor.com/Benefits/Extron-Electronics-US-Benefits-EI_IE231749.0,18_IL.19,21_IN1.htm"
HauteLook,"https://www.glassdoor.com/Overview/Working-at-HauteLook-EI_IE347288.11,20.htm",https://www.glassdoor.com/Salary/HauteLook-Salaries-E347288.htm,"https://www.glassdoor.com/Benefits/HauteLook-US-Benefits-EI_IE347288.0,9_IL.10,12_IN1.htm"
Samsung Electronics America,"https://www.glassdoor.com/Overview/Working-at-Samsung-Electronics-America-EI_IE4206.11,38.htm",https://www.glassdoor.com/Salary/Samsung-Electronics-America-Salaries-E4206.htm,"https://www.glassdoor.com/Benefits/Samsung-Electronics-America-US-Benefits-EI_IE4206.0,27_IL.28,30_IN1.htm"
"ON24, Inc.","https://www.glassdoor.com/Overview/Working-at-ON24-Inc-EI_IE134920.11,19.htm",https://www.glassdoor.com/Salary/ON24-Inc-Salaries-E134920.htm,"https://www.glassdoor.com/Benefits/ON24-Inc-US-Benefits-EI_IE134920.0,8_IL.9,11_IN1.htm"
Spireon,"https://www.glassdoor.com/Overview/Working-at-Spireon-EI_IE592015.11,18.htm",https://www.glassdoor.com/Salary/Spireon-Salaries-E592015.htm,"https://www.glassdoor.com/Benefits/Spireon-US-Benefits-EI_IE592015.0,7_IL.8,10_IN1.htm"
Varsity Tutors,"https://www.glassdoor.com/Overview/Working-at-Varsity-Tutors-EI_IE431872.11,25.htm",https://www.glassdoor.com/Salary/Varsity-Tutors-Salaries-E431872.htm,"https://www.glassdoor.com/Benefits/Varsity-Tutors-US-Benefits-EI_IE431872.0,14_IL.15,17_IN1.htm"
Rocket Fuel,"https://www.glassdoor.com/Overview/Working-at-Rocket-Fuel-EI_IE286428.11,22.htm",https://www.glassdoor.com/Salary/Rocket-Fuel-Salaries-E286428.htm,"https://www.glassdoor.com/Benefits/Rocket-Fuel-US-Benefits-EI_IE286428.0,11_IL.12,14_IN1.htm"
Zoom Video Communications,"https://www.glassdoor.com/Overview/Working-at-Zoom-Video-Communications-EI_IE924644.11,36.htm",https://www.glassdoor.com/Salary/Zoom-Video-Communications-Salaries-E924644.htm,"https://www.glassdoor.com/Benefits/Zoom-Video-Communications-US-Benefits-EI_IE924644.0,25_IL.26,28_IN1.htm"
Arm,https://www.glassdoor.com/arm,https://www.glassdoor.com/Salary/Arm-Salaries-E7834.htm,"https://www.glassdoor.com/Benefits/Arm-US-Benefits-EI_IE7834.0,3_IL.4,6_IN1.htm"
Wind River,"https://www.glassdoor.com/Overview/Working-at-Wind-River-EI_IE2313.11,21.htm",https://www.glassdoor.com/Salary/Wind-River-Salaries-E2313.htm,"https://www.glassdoor.com/Benefits/Wind-River-US-Benefits-EI_IE2313.0,10_IL.11,13_IN1.htm"
Daiso Japan,"https://www.glassdoor.com/Overview/Working-at-Daiso-Japan-EI_IE383990.11,22.htm",https://www.glassdoor.com/Salary/Daiso-Japan-Salaries-E383990.htm,"https://www.glassdoor.com/Benefits/Daiso-Japan-US-Benefits-EI_IE383990.0,11_IL.12,14_IN1.htm"
Flex,"https://www.glassdoor.com/Overview/Working-at-Flex-EI_IE1036355.11,15.htm",https://www.glassdoor.com/Salary/Flex-Salaries-E1036355.htm,"https://www.glassdoor.com/Benefits/Flex-US-Benefits-EI_IE1036355.0,4_IL.5,7_IN1.htm"
Kyocera,"https://www.glassdoor.com/Overview/Working-at-Kyocera-EI_IE3530.11,18.htm",https://www.glassdoor.com/Salary/Kyocera-Salaries-E3530.htm,"https://www.glassdoor.com/Benefits/Kyocera-US-Benefits-EI_IE3530.0,7_IL.8,10_IN1.htm"
Unity Technologies,"https://www.glassdoor.com/Overview/Working-at-Unity-Technologies-EI_IE455854.11,29.htm",https://www.glassdoor.com/Salary/Unity-Technologies-Salaries-E455854.htm,"https://www.glassdoor.com/Benefits/Unity-Technologies-US-Benefits-EI_IE455854.0,18_IL.19,21_IN1.htm"
PatientPop,"https://www.glassdoor.com/Overview/Working-at-PatientPop-EI_IE1167935.11,21.htm",https://www.glassdoor.com/Salary/PatientPop-Salaries-E1167935.htm,"https://www.glassdoor.com/Benefits/PatientPop-US-Benefits-EI_IE1167935.0,10_IL.11,13_IN1.htm"
QLogic,"https://www.glassdoor.com/Overview/Working-at-QLogic-EI_IE4251.11,17.htm",https://www.glassdoor.com/Salary/QLogic-Salaries-E4251.htm,"https://www.glassdoor.com/Benefits/QLogic-US-Benefits-EI_IE4251.0,6_IL.7,9_IN1.htm"
Good Technology,"https://www.glassdoor.com/Overview/Working-at-Good-Technology-EI_IE235194.11,26.htm",https://www.glassdoor.com/Salary/Good-Technology-Salaries-E235194.htm,"https://www.glassdoor.com/Benefits/Good-Technology-US-Benefits-EI_IE235194.0,15_IL.16,18_IN1.htm"
Atlassian,"https://www.glassdoor.com/Overview/Working-at-Atlassian-EI_IE115699.11,20.htm",https://www.glassdoor.com/Salary/Atlassian-Salaries-E115699.htm,"https://www.glassdoor.com/Benefits/Atlassian-US-Benefits-EI_IE115699.0,9_IL.10,12_IN1.htm"
Slack,"https://www.glassdoor.com/Overview/Working-at-Slack-EI_IE950758.11,16.htm",https://www.glassdoor.com/Salary/Slack-Salaries-E950758.htm,"https://www.glassdoor.com/Benefits/Slack-US-Benefits-EI_IE950758.0,5_IL.6,8_IN1.htm"
Samsung Electronics,"https://www.glassdoor.com/Overview/Working-at-Samsung-Electronics-EI_IE3363.11,30.htm",https://www.glassdoor.com/Salary/Samsung-Electronics-Salaries-E3363.htm,"https://www.glassdoor.com/Benefits/Samsung-Electronics-US-Benefits-EI_IE3363.0,19_IL.20,22_IN1.htm"
"Accela, Inc.","https://www.glassdoor.com/Overview/Working-at-Accela-Inc-EI_IE251072.11,21.htm",https://www.glassdoor.com/Salary/Accela-Inc-Salaries-E251072.htm,"https://www.glassdoor.com/Benefits/Accela-Inc-US-Benefits-EI_IE251072.0,10_IL.11,13_IN1.htm"
HealthTap,"https://www.glassdoor.com/Overview/Working-at-HealthTap-EI_IE453567.11,20.htm",https://www.glassdoor.com/Salary/HealthTap-Salaries-E453567.htm,"https://www.glassdoor.com/Benefits/HealthTap-US-Benefits-EI_IE453567.0,9_IL.10,12_IN1.htm"
Demandbase,"https://www.glassdoor.com/Overview/Working-at-Demandbase-EI_IE271272.11,21.htm",https://www.glassdoor.com/Salary/Demandbase-Salaries-E271272.htm,"https://www.glassdoor.com/Benefits/Demandbase-US-Benefits-EI_IE271272.0,10_IL.11,13_IN1.htm"
BMC Software,"https://www.glassdoor.com/Overview/Working-at-BMC-Software-EI_IE1160.11,23.htm",https://www.glassdoor.com/Salary/BMC-Software-Salaries-E1160.htm,"https://www.glassdoor.com/Benefits/BMC-Software-US-Benefits-EI_IE1160.0,12_IL.13,15_IN1.htm"
Ooyala,"https://www.glassdoor.com/Overview/Working-at-Ooyala-EI_IE273720.11,17.htm",https://www.glassdoor.com/Salary/Ooyala-Salaries-E273720.htm,"https://www.glassdoor.com/Benefits/Ooyala-US-Benefits-EI_IE273720.0,6_IL.7,9_IN1.htm"
OSIsoft,"https://www.glassdoor.com/Overview/Working-at-OSIsoft-EI_IE15323.11,18.htm",https://www.glassdoor.com/Salary/OSIsoft-Salaries-E15323.htm,"https://www.glassdoor.com/Benefits/OSIsoft-US-Benefits-EI_IE15323.0,7_IL.8,10_IN1.htm"
Curvature,"https://www.glassdoor.com/Overview/Working-at-Curvature-EI_IE852996.11,20.htm",https://www.glassdoor.com/Salary/Curvature-Salaries-E852996.htm,"https://www.glassdoor.com/Benefits/Curvature-US-Benefits-EI_IE852996.0,9_IL.10,12_IN1.htm"
NETGEAR,"https://www.glassdoor.com/Overview/Working-at-NETGEAR-EI_IE12666.11,18.htm",https://www.glassdoor.com/Salary/NETGEAR-Salaries-E12666.htm,"https://www.glassdoor.com/Benefits/NETGEAR-US-Benefits-EI_IE12666.0,7_IL.8,10_IN1.htm"
Sanmina,"https://www.glassdoor.com/Overview/Working-at-Sanmina-EI_IE2322.11,18.htm",https://www.glassdoor.com/Salary/Sanmina-Salaries-E2322.htm,"https://www.glassdoor.com/Benefits/Sanmina-US-Benefits-EI_IE2322.0,7_IL.8,10_IN1.htm"
Neustar,"https://www.glassdoor.com/Overview/Working-at-Neustar-EI_IE13026.11,18.htm",https://www.glassdoor.com/Salary/Neustar-Salaries-E13026.htm,"https://www.glassdoor.com/Benefits/Neustar-US-Benefits-EI_IE13026.0,7_IL.8,10_IN1.htm"
Anaplan,"https://www.glassdoor.com/Overview/Working-at-Anaplan-EI_IE695685.11,18.htm",https://www.glassdoor.com/Salary/Anaplan-Salaries-E695685.htm,"https://www.glassdoor.com/Benefits/Anaplan-US-Benefits-EI_IE695685.0,7_IL.8,10_IN1.htm"
MobileIron,"https://www.glassdoor.com/Overview/Working-at-MobileIron-EI_IE328030.11,21.htm",https://www.glassdoor.com/Salary/MobileIron-Salaries-E328030.htm,"https://www.glassdoor.com/Benefits/MobileIron-US-Benefits-EI_IE328030.0,10_IL.11,13_IN1.htm"
Evernote,"https://www.glassdoor.com/Overview/Working-at-Evernote-EI_IE400095.11,19.htm",https://www.glassdoor.com/Salary/Evernote-Salaries-E400095.htm,"https://www.glassdoor.com/Benefits/Evernote-US-Benefits-EI_IE400095.0,8_IL.9,11_IN1.htm"
Fuhu,"https://www.glassdoor.com/Overview/Working-at-Fuhu-EI_IE360968.11,15.htm",https://www.glassdoor.com/Salary/Fuhu-Salaries-E360968.htm,"https://www.glassdoor.com/Benefits/Fuhu-US-Benefits-EI_IE360968.0,4_IL.5,7_IN1.htm"
Practice Fusion,"https://www.glassdoor.com/Overview/Working-at-Practice-Fusion-EI_IE399647.11,26.htm",https://www.glassdoor.com/Salary/Practice-Fusion-Salaries-E399647.htm,"https://www.glassdoor.com/Benefits/Practice-Fusion-US-Benefits-EI_IE399647.0,15_IL.16,18_IN1.htm"
Sumo Logic,"https://www.glassdoor.com/Overview/Working-at-Sumo-Logic-EI_IE621848.11,21.htm",https://www.glassdoor.com/Salary/Sumo-Logic-Salaries-E621848.htm,"https://www.glassdoor.com/Benefits/Sumo-Logic-US-Benefits-EI_IE621848.0,10_IL.11,13_IN1.htm"
Silver Spring Networks,"https://www.glassdoor.com/Overview/Working-at-Silver-Spring-Networks-EI_IE223768.11,33.htm",https://www.glassdoor.com/Salary/Silver-Spring-Networks-Salaries-E223768.htm,"https://www.glassdoor.com/Benefits/Silver-Spring-Networks-US-Benefits-EI_IE223768.0,22_IL.23,25_IN1.htm"
PayJunction,"https://www.glassdoor.com/Overview/Working-at-PayJunction-EI_IE400566.11,22.htm",https://www.glassdoor.com/Salary/PayJunction-Salaries-E400566.htm,"https://www.glassdoor.com/Benefits/PayJunction-US-Benefits-EI_IE400566.0,11_IL.12,14_IN1.htm"
Saba Software,"https://www.glassdoor.com/Overview/Working-at-Saba-Software-EI_IE11467.11,24.htm",https://www.glassdoor.com/Salary/Saba-Software-Salaries-E11467.htm,"https://www.glassdoor.com/Benefits/Saba-Software-US-Benefits-EI_IE11467.0,13_IL.14,16_IN1.htm"
Quest Software,"https://www.glassdoor.com/Overview/Working-at-Quest-Software-EI_IE9404.11,25.htm",https://www.glassdoor.com/Salary/Quest-Software-Salaries-E9404.htm,"https://www.glassdoor.com/Benefits/Quest-Software-US-Benefits-EI_IE9404.0,14_IL.15,17_IN1.htm"
Imperva,"https://www.glassdoor.com/Overview/Working-at-Imperva-EI_IE101738.11,18.htm",https://www.glassdoor.com/Salary/Imperva-Salaries-E101738.htm,"https://www.glassdoor.com/Benefits/Imperva-US-Benefits-EI_IE101738.0,7_IL.8,10_IN1.htm"
Skyworks Solutions,"https://www.glassdoor.com/Overview/Working-at-Skyworks-Solutions-EI_IE762.11,29.htm",https://www.glassdoor.com/Salary/Skyworks-Solutions-Salaries-E762.htm,"https://www.glassdoor.com/Benefits/Skyworks-Solutions-US-Benefits-EI_IE762.0,18_IL.19,21_IN1.htm"
Twilio,"https://www.glassdoor.com/Overview/Working-at-Twilio-EI_IE410790.11,17.htm",https://www.glassdoor.com/Salary/Twilio-Salaries-E410790.htm,"https://www.glassdoor.com/Benefits/Twilio-US-Benefits-EI_IE410790.0,6_IL.7,9_IN1.htm"
Skillz,"https://www.glassdoor.com/Overview/Working-at-Skillz-EI_IE784567.11,17.htm",https://www.glassdoor.com/Salary/Skillz-Salaries-E784567.htm,"https://www.glassdoor.com/Benefits/Skillz-US-Benefits-EI_IE784567.0,6_IL.7,9_IN1.htm"
SADA Systems,"https://www.glassdoor.com/Overview/Working-at-SADA-Systems-EI_IE258619.11,23.htm",https://www.glassdoor.com/Salary/SADA-Systems-Salaries-E258619.htm,"https://www.glassdoor.com/Benefits/SADA-Systems-US-Benefits-EI_IE258619.0,12_IL.13,15_IN1.htm"
Laserfiche,"https://www.glassdoor.com/Overview/Working-at-Laserfiche-EI_IE29420.11,21.htm",https://www.glassdoor.com/Salary/Laserfiche-Salaries-E29420.htm,"https://www.glassdoor.com/Benefits/Laserfiche-US-Benefits-EI_IE29420.0,10_IL.11,13_IN1.htm"
Toyota Motor Corporation,"https://www.glassdoor.com/Overview/Working-at-Toyota-Motor-Corporation-EI_IE1293891.11,35.htm",https://www.glassdoor.com/Salary/Toyota-Motor-Corporation-Salaries-E1293891.htm,"https://www.glassdoor.com/Benefits/Toyota-Motor-Corporation-US-Benefits-EI_IE1293891.0,24_IL.25,27_IN1.htm"
Cbeyond,"https://www.glassdoor.com/Overview/Working-at-Cbeyond-EI_IE13737.11,18.htm",https://www.glassdoor.com/Salary/Cbeyond-Salaries-E13737.htm,"https://www.glassdoor.com/Benefits/Cbeyond-US-Benefits-EI_IE13737.0,7_IL.8,10_IN1.htm"
International Rectifier,"https://www.glassdoor.com/Overview/Working-at-International-Rectifier-EI_IE357.11,34.htm",https://www.glassdoor.com/Salary/International-Rectifier-Salaries-E357.htm,"https://www.glassdoor.com/Benefits/International-Rectifier-US-Benefits-EI_IE357.0,23_IL.24,26_IN1.htm"
Blue Coat Systems,"https://www.glassdoor.com/Overview/Working-at-Blue-Coat-Systems-EI_IE7692.11,28.htm",https://www.glassdoor.com/Salary/Blue-Coat-Systems-Salaries-E7692.htm,"https://www.glassdoor.com/Benefits/Blue-Coat-Systems-US-Benefits-EI_IE7692.0,17_IL.18,20_IN1.htm"
Roblox,"https://www.glassdoor.com/Overview/Working-at-Roblox-EI_IE242265.11,17.htm",https://www.glassdoor.com/Salary/Roblox-Salaries-E242265.htm,"https://www.glassdoor.com/Benefits/Roblox-US-Benefits-EI_IE242265.0,6_IL.7,9_IN1.htm"
Kelley Blue Book,"https://www.glassdoor.com/Overview/Working-at-Kelley-Blue-Book-EI_IE20998.11,27.htm",https://www.glassdoor.com/Salary/Kelley-Blue-Book-Salaries-E20998.htm,"https://www.glassdoor.com/Benefits/Kelley-Blue-Book-US-Benefits-EI_IE20998.0,16_IL.17,19_IN1.htm"
Micron Technology,"https://www.glassdoor.com/Overview/Working-at-Micron-Technology-EI_IE1648.11,28.htm",https://www.glassdoor.com/Salary/Micron-Technology-Salaries-E1648.htm,"https://www.glassdoor.com/Benefits/Micron-Technology-US-Benefits-EI_IE1648.0,17_IL.18,20_IN1.htm"
Trimble,"https://www.glassdoor.com/Overview/Working-at-Trimble-EI_IE2067.11,18.htm",https://www.glassdoor.com/Salary/Trimble-Salaries-E2067.htm,"https://www.glassdoor.com/Benefits/Trimble-US-Benefits-EI_IE2067.0,7_IL.8,10_IN1.htm"
CallidusCloud,"https://www.glassdoor.com/Overview/Working-at-CallidusCloud-EI_IE15873.11,24.htm",https://www.glassdoor.com/Salary/CallidusCloud-Salaries-E15873.htm,"https://www.glassdoor.com/Benefits/CallidusCloud-US-Benefits-EI_IE15873.0,13_IL.14,16_IN1.htm"
The Honest Company,"https://www.glassdoor.com/Overview/Working-at-The-Honest-Company-EI_IE745391.11,29.htm",https://www.glassdoor.com/Salary/The-Honest-Company-Salaries-E745391.htm,"https://www.glassdoor.com/Benefits/The-Honest-Company-US-Benefits-EI_IE745391.0,18_IL.19,21_IN1.htm"
Lyris,"https://www.glassdoor.com/Overview/Working-at-Lyris-EI_IE40173.11,16.htm",https://www.glassdoor.com/Salary/Lyris-Salaries-E40173.htm,"https://www.glassdoor.com/Benefits/Lyris-US-Benefits-EI_IE40173.0,5_IL.6,8_IN1.htm"
Shift,"https://www.glassdoor.com/Overview/Working-at-Shift-EI_IE975552.11,16.htm",https://www.glassdoor.com/Salary/Shift-Salaries-E975552.htm,"https://www.glassdoor.com/Benefits/Shift-US-Benefits-EI_IE975552.0,5_IL.6,8_IN1.htm"
Hortonworks,"https://www.glassdoor.com/Overview/Working-at-Hortonworks-EI_IE489054.11,22.htm",https://www.glassdoor.com/Salary/Hortonworks-Salaries-E489054.htm,"https://www.glassdoor.com/Benefits/Hortonworks-US-Benefits-EI_IE489054.0,11_IL.12,14_IN1.htm"
Astreya Partners,"https://www.glassdoor.com/Overview/Working-at-Astreya-Partners-EI_IE267178.11,27.htm",https://www.glassdoor.com/Salary/Astreya-Partners-Salaries-E267178.htm,"https://www.glassdoor.com/Benefits/Astreya-Partners-US-Benefits-EI_IE267178.0,16_IL.17,19_IN1.htm"
SugarCRM,"https://www.glassdoor.com/Overview/Working-at-SugarCRM-EI_IE230070.11,19.htm",https://www.glassdoor.com/Salary/SugarCRM-Salaries-E230070.htm,"https://www.glassdoor.com/Benefits/SugarCRM-US-Benefits-EI_IE230070.0,8_IL.9,11_IN1.htm"
Faraday Future,"https://www.glassdoor.com/Overview/Working-at-Faraday-Future-EI_IE1082998.11,25.htm",https://www.glassdoor.com/Salary/Faraday-Future-Salaries-E1082998.htm,"https://www.glassdoor.com/Benefits/Faraday-Future-US-Benefits-EI_IE1082998.0,14_IL.15,17_IN1.htm"
Lytx,"https://www.glassdoor.com/Overview/Working-at-Lytx-EI_IE813859.11,15.htm",https://www.glassdoor.com/Salary/Lytx-Salaries-E813859.htm,"https://www.glassdoor.com/Benefits/Lytx-US-Benefits-EI_IE813859.0,4_IL.5,7_IN1.htm"
Roku,"https://www.glassdoor.com/Overview/Working-at-Roku-EI_IE26760.11,15.htm",https://www.glassdoor.com/Salary/Roku-Salaries-E26760.htm,"https://www.glassdoor.com/Benefits/Roku-US-Benefits-EI_IE26760.0,4_IL.5,7_IN1.htm"
Akamai,"https://www.glassdoor.com/Overview/Working-at-Akamai-EI_IE9219.11,17.htm",https://www.glassdoor.com/Salary/Akamai-Salaries-E9219.htm,"https://www.glassdoor.com/Benefits/Akamai-US-Benefits-EI_IE9219.0,6_IL.7,9_IN1.htm"
Verifone,"https://www.glassdoor.com/Overview/Working-at-Verifone-EI_IE1495.11,19.htm",https://www.glassdoor.com/Salary/Verifone-Salaries-E1495.htm,"https://www.glassdoor.com/Benefits/Verifone-US-Benefits-EI_IE1495.0,8_IL.9,11_IN1.htm"
Teledyne Technologies,"https://www.glassdoor.com/Overview/Working-at-Teledyne-Technologies-EI_IE9818.11,32.htm",https://www.glassdoor.com/Salary/Teledyne-Technologies-Salaries-E9818.htm,"https://www.glassdoor.com/Benefits/Teledyne-Technologies-US-Benefits-EI_IE9818.0,21_IL.22,24_IN1.htm"
A10 Networks,"https://www.glassdoor.com/Overview/Working-at-A10-Networks-EI_IE261028.11,23.htm",https://www.glassdoor.com/Salary/A10-Networks-Salaries-E261028.htm,"https://www.glassdoor.com/Benefits/A10-Networks-US-Benefits-EI_IE261028.0,12_IL.13,15_IN1.htm"
Ontraport,"https://www.glassdoor.com/Overview/Working-at-Ontraport-EI_IE496779.11,20.htm",https://www.glassdoor.com/Salary/Ontraport-Salaries-E496779.htm,"https://www.glassdoor.com/Benefits/Ontraport-US-Benefits-EI_IE496779.0,9_IL.10,12_IN1.htm"
GLOBALFOUNDRIES,"https://www.glassdoor.com/Overview/Working-at-GLOBALFOUNDRIES-EI_IE229997.11,26.htm",https://www.glassdoor.com/Salary/GLOBALFOUNDRIES-Salaries-E229997.htm,"https://www.glassdoor.com/Benefits/GLOBALFOUNDRIES-US-Benefits-EI_IE229997.0,15_IL.16,18_IN1.htm"
Rakuten,"https://www.glassdoor.com/Overview/Working-at-Rakuten-EI_IE40197.11,18.htm",https://www.glassdoor.com/Salary/Rakuten-Salaries-E40197.htm,"https://www.glassdoor.com/Benefits/Rakuten-US-Benefits-EI_IE40197.0,7_IL.8,10_IN1.htm"
FinancialForce,"https://www.glassdoor.com/Overview/Working-at-FinancialForce-EI_IE456274.11,25.htm",https://www.glassdoor.com/Salary/FinancialForce-Salaries-E456274.htm,"https://www.glassdoor.com/Benefits/FinancialForce-US-Benefits-EI_IE456274.0,14_IL.15,17_IN1.htm"
Emulex,"https://www.glassdoor.com/Overview/Working-at-Emulex-EI_IE1371.11,17.htm",https://www.glassdoor.com/Salary/Emulex-Salaries-E1371.htm,"https://www.glassdoor.com/Benefits/Emulex-US-Benefits-EI_IE1371.0,6_IL.7,9_IN1.htm"
Integrated Device Technology,"https://www.glassdoor.com/Overview/Working-at-Integrated-Device-Technology-EI_IE1518.11,39.htm",https://www.glassdoor.com/Salary/Integrated-Device-Technology-Salaries-E1518.htm,"https://www.glassdoor.com/Benefits/Integrated-Device-Technology-US-Benefits-EI_IE1518.0,28_IL.29,31_IN1.htm"
Fortinet,"https://www.glassdoor.com/Overview/Working-at-Fortinet-EI_IE23128.11,19.htm",https://www.glassdoor.com/Salary/Fortinet-Salaries-E23128.htm,"https://www.glassdoor.com/Benefits/Fortinet-US-Benefits-EI_IE23128.0,8_IL.9,11_IN1.htm"
Model N,"https://www.glassdoor.com/Overview/Working-at-Model-N-EI_IE13771.11,18.htm",https://www.glassdoor.com/Salary/Model-N-Salaries-E13771.htm,"https://www.glassdoor.com/Benefits/Model-N-US-Benefits-EI_IE13771.0,7_IL.8,10_IN1.htm"
Qualys,"https://www.glassdoor.com/Overview/Working-at-Qualys-EI_IE30935.11,17.htm",https://www.glassdoor.com/Salary/Qualys-Salaries-E30935.htm,"https://www.glassdoor.com/Benefits/Qualys-US-Benefits-EI_IE30935.0,6_IL.7,9_IN1.htm"
Instart,"https://www.glassdoor.com/Overview/Working-at-Instart-EI_IE704429.11,18.htm",https://www.glassdoor.com/Salary/Instart-Salaries-E704429.htm,"https://www.glassdoor.com/Benefits/Instart-US-Benefits-EI_IE704429.0,7_IL.8,10_IN1.htm"
eharmony,"https://www.glassdoor.com/Overview/Working-at-eharmony-EI_IE20901.11,19.htm",https://www.glassdoor.com/Salary/eharmony-Salaries-E20901.htm,"https://www.glassdoor.com/Benefits/eharmony-US-Benefits-EI_IE20901.0,8_IL.9,11_IN1.htm"
Samsara,"https://www.glassdoor.com/Overview/Working-at-Samsara-EI_IE1169265.11,18.htm",https://www.glassdoor.com/Salary/Samsara-Salaries-E1169265.htm,"https://www.glassdoor.com/Benefits/Samsara-US-Benefits-EI_IE1169265.0,7_IL.8,10_IN1.htm"
F5 Networks,"https://www.glassdoor.com/Overview/Working-at-F5-Networks-EI_IE9222.11,22.htm",https://www.glassdoor.com/Salary/F5-Networks-Salaries-E9222.htm,"https://www.glassdoor.com/Benefits/F5-Networks-US-Benefits-EI_IE9222.0,11_IL.12,14_IN1.htm"
Pivotal,"https://www.glassdoor.com/Overview/Working-at-Pivotal-EI_IE687287.11,18.htm",https://www.glassdoor.com/Salary/Pivotal-Salaries-E687287.htm,"https://www.glassdoor.com/Benefits/Pivotal-US-Benefits-EI_IE687287.0,7_IL.8,10_IN1.htm"
Glu Mobile,"https://www.glassdoor.com/Overview/Working-at-Glu-Mobile-EI_IE16224.11,21.htm",https://www.glassdoor.com/Salary/Glu-Mobile-Salaries-E16224.htm,"https://www.glassdoor.com/Benefits/Glu-Mobile-US-Benefits-EI_IE16224.0,10_IL.11,13_IN1.htm"
Nest,"https://www.glassdoor.com/Overview/Working-at-Nest-EI_IE670862.11,15.htm",https://www.glassdoor.com/Salary/Nest-Salaries-E670862.htm,"https://www.glassdoor.com/Benefits/Nest-US-Benefits-EI_IE670862.0,4_IL.5,7_IN1.htm"
Optimizely,"https://www.glassdoor.com/Overview/Working-at-Optimizely-EI_IE593559.11,21.htm",https://www.glassdoor.com/Salary/Optimizely-Salaries-E593559.htm,"https://www.glassdoor.com/Benefits/Optimizely-US-Benefits-EI_IE593559.0,10_IL.11,13_IN1.htm"
Egnyte,"https://www.glassdoor.com/Overview/Working-at-Egnyte-EI_IE360568.11,17.htm",https://www.glassdoor.com/Salary/Egnyte-Salaries-E360568.htm,"https://www.glassdoor.com/Benefits/Egnyte-US-Benefits-EI_IE360568.0,6_IL.7,9_IN1.htm"
Karma Automotive,"https://www.glassdoor.com/Overview/Working-at-Karma-Automotive-EI_IE960997.11,27.htm",https://www.glassdoor.com/Salary/Karma-Automotive-Salaries-E960997.htm,"https://www.glassdoor.com/Benefits/Karma-Automotive-US-Benefits-EI_IE960997.0,16_IL.17,19_IN1.htm"
Avago Technologies,"https://www.glassdoor.com/Overview/Working-at-Avago-Technologies-EI_IE40386.11,29.htm",https://www.glassdoor.com/Salary/Avago-Technologies-Salaries-E40386.htm,"https://www.glassdoor.com/Benefits/Avago-Technologies-US-Benefits-EI_IE40386.0,18_IL.19,21_IN1.htm"
DataStax,"https://www.glassdoor.com/Overview/Working-at-DataStax-EI_IE524413.11,19.htm",https://www.glassdoor.com/Salary/DataStax-Salaries-E524413.htm,"https://www.glassdoor.com/Benefits/DataStax-US-Benefits-EI_IE524413.0,8_IL.9,11_IN1.htm"
WhiteHat Security,"https://www.glassdoor.com/Overview/Working-at-WhiteHat-Security-EI_IE400869.11,28.htm",https://www.glassdoor.com/Salary/WhiteHat-Security-Salaries-E400869.htm,"https://www.glassdoor.com/Benefits/WhiteHat-Security-US-Benefits-EI_IE400869.0,17_IL.18,20_IN1.htm"
BlackLine,"https://www.glassdoor.com/Overview/Working-at-BlackLine-EI_IE389699.11,20.htm",https://www.glassdoor.com/Salary/BlackLine-Salaries-E389699.htm,"https://www.glassdoor.com/Benefits/BlackLine-US-Benefits-EI_IE389699.0,9_IL.10,12_IN1.htm"
Mixpanel,"https://www.glassdoor.com/Overview/Working-at-Mixpanel-EI_IE406910.11,19.htm",https://www.glassdoor.com/Salary/Mixpanel-Salaries-E406910.htm,"https://www.glassdoor.com/Benefits/Mixpanel-US-Benefits-EI_IE406910.0,8_IL.9,11_IN1.htm"
OpenX,"https://www.glassdoor.com/Overview/Working-at-OpenX-EI_IE424191.11,16.htm",https://www.glassdoor.com/Salary/OpenX-Salaries-E424191.htm,"https://www.glassdoor.com/Benefits/OpenX-US-Benefits-EI_IE424191.0,5_IL.6,8_IN1.htm"
Jobvite,"https://www.glassdoor.com/Overview/Working-at-Jobvite-EI_IE113377.11,18.htm",https://www.glassdoor.com/Salary/Jobvite-Salaries-E113377.htm,"https://www.glassdoor.com/Benefits/Jobvite-US-Benefits-EI_IE113377.0,7_IL.8,10_IN1.htm"
Lookout,"https://www.glassdoor.com/Overview/Working-at-Lookout-EI_IE318794.11,18.htm",https://www.glassdoor.com/Salary/Lookout-Salaries-E318794.htm,"https://www.glassdoor.com/Benefits/Lookout-US-Benefits-EI_IE318794.0,7_IL.8,10_IN1.htm"
Lever,"https://www.glassdoor.com/Overview/Working-at-Lever-EI_IE816969.11,16.htm",https://www.glassdoor.com/Salary/Lever-Salaries-E816969.htm,"https://www.glassdoor.com/Benefits/Lever-US-Benefits-EI_IE816969.0,5_IL.6,8_IN1.htm"
Geek Squad,"https://www.glassdoor.com/Overview/Working-at-Geek-Squad-EI_IE307701.11,21.htm",https://www.glassdoor.com/Salary/Geek-Squad-Salaries-E307701.htm,"https://www.glassdoor.com/Benefits/Geek-Squad-US-Benefits-EI_IE307701.0,10_IL.11,13_IN1.htm"
Extreme Networks,"https://www.glassdoor.com/Overview/Working-at-Extreme-Networks-EI_IE8799.11,27.htm",https://www.glassdoor.com/Salary/Extreme-Networks-Salaries-E8799.htm,"https://www.glassdoor.com/Benefits/Extreme-Networks-US-Benefits-EI_IE8799.0,16_IL.17,19_IN1.htm"
SAP Ariba,"https://www.glassdoor.com/Overview/Working-at-SAP-Ariba-EI_IE7917.11,20.htm",https://www.glassdoor.com/Salary/SAP-Ariba-Salaries-E7917.htm,"https://www.glassdoor.com/Benefits/SAP-Ariba-US-Benefits-EI_IE7917.0,9_IL.10,12_IN1.htm"
Act-On Software,"https://www.glassdoor.com/Overview/Working-at-Act-On-Software-EI_IE502884.11,26.htm",https://www.glassdoor.com/Salary/Act-On-Software-Salaries-E502884.htm,"https://www.glassdoor.com/Benefits/Act-On-Software-US-Benefits-EI_IE502884.0,15_IL.16,18_IN1.htm"
Mavenlink,"https://www.glassdoor.com/Overview/Working-at-Mavenlink-EI_IE996870.11,20.htm",https://www.glassdoor.com/Salary/Mavenlink-Salaries-E996870.htm,"https://www.glassdoor.com/Benefits/Mavenlink-US-Benefits-EI_IE996870.0,9_IL.10,12_IN1.htm"
DXC Technology,"https://www.glassdoor.com/Overview/Working-at-DXC-Technology-EI_IE1603125.11,25.htm",https://www.glassdoor.com/Salary/DXC-Technology-Salaries-E1603125.htm,"https://www.glassdoor.com/Benefits/DXC-Technology-US-Benefits-EI_IE1603125.0,14_IL.15,17_IN1.htm"
Epson America,"https://www.glassdoor.com/Overview/Working-at-Epson-America-EI_IE15330.11,24.htm",https://www.glassdoor.com/Salary/Epson-America-Salaries-E15330.htm,"https://www.glassdoor.com/Benefits/Epson-America-US-Benefits-EI_IE15330.0,13_IL.14,16_IN1.htm"
Unisys,"https://www.glassdoor.com/Overview/Working-at-Unisys-EI_IE692.11,17.htm",https://www.glassdoor.com/Salary/Unisys-Salaries-E692.htm,"https://www.glassdoor.com/Benefits/Unisys-US-Benefits-EI_IE692.0,6_IL.7,9_IN1.htm"
UserTesting,"https://www.glassdoor.com/Overview/Working-at-UserTesting-EI_IE709884.11,22.htm",https://www.glassdoor.com/Salary/UserTesting-Salaries-E709884.htm,"https://www.glassdoor.com/Benefits/UserTesting-US-Benefits-EI_IE709884.0,11_IL.12,14_IN1.htm"
empowr,"https://www.glassdoor.com/Overview/Working-at-empowr-EI_IE769591.11,17.htm",https://www.glassdoor.com/Salary/empowr-Salaries-E769591.htm,"https://www.glassdoor.com/Benefits/empowr-US-Benefits-EI_IE769591.0,6_IL.7,9_IN1.htm"
Turo,"https://www.glassdoor.com/Overview/Working-at-Turo-EI_IE749683.11,15.htm",https://www.glassdoor.com/Salary/Turo-Salaries-E749683.htm,"https://www.glassdoor.com/Benefits/Turo-US-Benefits-EI_IE749683.0,4_IL.5,7_IN1.htm"
Enphase Energy,"https://www.glassdoor.com/Overview/Working-at-Enphase-Energy-EI_IE370454.11,25.htm",https://www.glassdoor.com/Salary/Enphase-Energy-Salaries-E370454.htm,"https://www.glassdoor.com/Benefits/Enphase-Energy-US-Benefits-EI_IE370454.0,14_IL.15,17_IN1.htm"
Eaton,"https://www.glassdoor.com/Overview/Working-at-Eaton-EI_IE221.11,16.htm",https://www.glassdoor.com/Salary/Eaton-Salaries-E221.htm,"https://www.glassdoor.com/Benefits/Eaton-US-Benefits-EI_IE221.0,5_IL.6,8_IN1.htm"
CompuCom,"https://www.glassdoor.com/Overview/Working-at-CompuCom-EI_IE1289.11,19.htm",https://www.glassdoor.com/Salary/CompuCom-Salaries-E1289.htm,"https://www.glassdoor.com/Benefits/CompuCom-US-Benefits-EI_IE1289.0,8_IL.9,11_IN1.htm"
Iron Mountain Inc,"https://www.glassdoor.com/Overview/Working-at-Iron-Mountain-Inc-EI_IE6774.11,28.htm",https://www.glassdoor.com/Salary/Iron-Mountain-Inc-Salaries-E6774.htm,"https://www.glassdoor.com/Benefits/Iron-Mountain-Inc-US-Benefits-EI_IE6774.0,17_IL.18,20_IN1.htm"
Ultimate Software,"https://www.glassdoor.com/Overview/Working-at-Ultimate-Software-EI_IE7900.11,28.htm",https://www.glassdoor.com/Salary/Ultimate-Software-Salaries-E7900.htm,"https://www.glassdoor.com/Benefits/Ultimate-Software-US-Benefits-EI_IE7900.0,17_IL.18,20_IN1.htm"
Grubhub,"https://www.glassdoor.com/Overview/Working-at-Grubhub-EI_IE419089.11,18.htm",https://www.glassdoor.com/Salary/Grubhub-Salaries-E419089.htm,"https://www.glassdoor.com/Benefits/Grubhub-US-Benefits-EI_IE419089.0,7_IL.8,10_IN1.htm"
Jabil,"https://www.glassdoor.com/Overview/Working-at-Jabil-EI_IE2330.11,16.htm",https://www.glassdoor.com/Salary/Jabil-Salaries-E2330.htm,"https://www.glassdoor.com/Benefits/Jabil-US-Benefits-EI_IE2330.0,5_IL.6,8_IN1.htm"
SYNNEX,"https://www.glassdoor.com/Overview/Working-at-SYNNEX-EI_IE12131.11,17.htm",https://www.glassdoor.com/Salary/SYNNEX-Salaries-E12131.htm,"https://www.glassdoor.com/Benefits/SYNNEX-US-Benefits-EI_IE12131.0,6_IL.7,9_IN1.htm"
Nimble Storage,"https://www.glassdoor.com/Overview/Working-at-Nimble-Storage-EI_IE361604.11,25.htm",https://www.glassdoor.com/Salary/Nimble-Storage-Salaries-E361604.htm,"https://www.glassdoor.com/Benefits/Nimble-Storage-US-Benefits-EI_IE361604.0,14_IL.15,17_IN1.htm"
Gigamon,"https://www.glassdoor.com/Overview/Working-at-Gigamon-EI_IE328251.11,18.htm",https://www.glassdoor.com/Salary/Gigamon-Salaries-E328251.htm,"https://www.glassdoor.com/Benefits/Gigamon-US-Benefits-EI_IE328251.0,7_IL.8,10_IN1.htm"
GuideSpark,"https://www.glassdoor.com/Overview/Working-at-GuideSpark-EI_IE722527.11,21.htm",https://www.glassdoor.com/Salary/GuideSpark-Salaries-E722527.htm,"https://www.glassdoor.com/Benefits/GuideSpark-US-Benefits-EI_IE722527.0,10_IL.11,13_IN1.htm"
Centrify,"https://www.glassdoor.com/Overview/Working-at-Centrify-EI_IE261020.11,19.htm",https://www.glassdoor.com/Salary/Centrify-Salaries-E261020.htm,"https://www.glassdoor.com/Benefits/Centrify-US-Benefits-EI_IE261020.0,8_IL.9,11_IN1.htm"
OneLogin,"https://www.glassdoor.com/Overview/Working-at-OneLogin-EI_IE475670.11,19.htm",https://www.glassdoor.com/Salary/OneLogin-Salaries-E475670.htm,"https://www.glassdoor.com/Benefits/OneLogin-US-Benefits-EI_IE475670.0,8_IL.9,11_IN1.htm"
AVID,"https://www.glassdoor.com/Overview/Working-at-AVID-EI_IE2291.11,15.htm",https://www.glassdoor.com/Salary/AVID-Salaries-E2291.htm,"https://www.glassdoor.com/Benefits/AVID-US-Benefits-EI_IE2291.0,4_IL.5,7_IN1.htm"
Veeva Systems,"https://www.glassdoor.com/Overview/Working-at-Veeva-Systems-EI_IE459351.11,24.htm",https://www.glassdoor.com/Salary/Veeva-Systems-Salaries-E459351.htm,"https://www.glassdoor.com/Benefits/Veeva-Systems-US-Benefits-EI_IE459351.0,13_IL.14,16_IN1.htm"
Fivestars,"https://www.glassdoor.com/Overview/Working-at-Fivestars-EI_IE447133.11,20.htm",https://www.glassdoor.com/Salary/Fivestars-Salaries-E447133.htm,"https://www.glassdoor.com/Benefits/Fivestars-US-Benefits-EI_IE447133.0,9_IL.10,12_IN1.htm"
Rubicon Project,"https://www.glassdoor.com/Overview/Working-at-Rubicon-Project-EI_IE248306.11,26.htm",https://www.glassdoor.com/Salary/Rubicon-Project-Salaries-E248306.htm,"https://www.glassdoor.com/Benefits/Rubicon-Project-US-Benefits-EI_IE248306.0,15_IL.16,18_IN1.htm"
JustAnswer,"https://www.glassdoor.com/Overview/Working-at-JustAnswer-EI_IE627534.11,21.htm",https://www.glassdoor.com/Salary/JustAnswer-Salaries-E627534.htm,"https://www.glassdoor.com/Benefits/JustAnswer-US-Benefits-EI_IE627534.0,10_IL.11,13_IN1.htm"
OmniVision Technologies,"https://www.glassdoor.com/Overview/Working-at-OmniVision-Technologies-EI_IE11650.11,34.htm",https://www.glassdoor.com/Salary/OmniVision-Technologies-Salaries-E11650.htm,"https://www.glassdoor.com/Benefits/OmniVision-Technologies-US-Benefits-EI_IE11650.0,23_IL.24,26_IN1.htm"
Mindjet,"https://www.glassdoor.com/Overview/Working-at-Mindjet-EI_IE39504.11,18.htm",https://www.glassdoor.com/Salary/Mindjet-Salaries-E39504.htm,"https://www.glassdoor.com/Benefits/Mindjet-US-Benefits-EI_IE39504.0,7_IL.8,10_IN1.htm"
Tech Mahindra,"https://www.glassdoor.com/Overview/Working-at-Tech-Mahindra-EI_IE135932.11,24.htm",https://www.glassdoor.com/Salary/Tech-Mahindra-Salaries-E135932.htm,"https://www.glassdoor.com/Benefits/Tech-Mahindra-US-Benefits-EI_IE135932.0,13_IL.14,16_IN1.htm"
